{
  "easyGoVersion": "1.0",
  "client": "lu.die.foza",
  "logicEntities": [
    {
      "head": {
        "function": "magicwindow",
        "required": "true"
      },
      "body": {
        "mode": "0",
        "Activities": [
          {
            "name": "com.ccplay.UserInterface.AppTestCloneActivity",
            "defaultFullScreen": "false",
            "lockSide": "primary"
          },
          {
            "name": "lu.die.foza.SleepyFox.FozaProxyActivity",
            "lockSide": "false"
          }
        ],
        "UX": {
          "supportRotationUxCompat": "true",
          "isDraggable": "true",
          "supportDraggingToFullScreen": "ALL"
        }
      }
    }
  ]
}